{"name":"cofirmacion_cierre","identifier":"G1UXKFOORB","description":null,"slotTypeValues":[{"sampleValue":{"value":"si"},"synonyms":null},{"sampleValue":{"value":"Si"},"synonyms":null},{"sampleValue":{"value":"Sí"},"synonyms":null},{"sampleValue":{"value":"no"},"synonyms":null},{"sampleValue":{"value":"No"},"synonyms":null},{"sampleValue":{"value":"SI"},"synonyms":null},{"sampleValue":{"value":"NO"},"synonyms":null}],"parentSlotTypeSignature":null,"valueSelectionSetting":{"resolutionStrategy":"ORIGINAL_VALUE","regexFilter":null}}