{"name":"Pagos","identifier":"QN1FHEZAF0","description":null,"parentIntentSignature":null,"sampleUtterances":[{"utterance":"{key_pagos}"},{"utterance":"¿Qué {key_pagos} Kushki?"},{"utterance":"¿Que {key_pagos} Kushki?"},{"utterance":"¿que {key_pagos} Kushki?"},{"utterance":"que {key_pagos} Kushki"},{"utterance":"que {key_pagos}"}],"intentConfirmationSetting":null,"intentClosingSetting":null,"initialResponseSetting":{"nextStep":{"sessionAttributes":null,"dialogAction":{"type":"InvokeDialogCodeHook","slotToElicit":null,"suppressNextMessage":null},"intent":{"name":null,"slots":null}},"conditional":null,"codeHook":{"isActive":true,"invocationLabel":null,"postCodeHookSpecification":{"successConditional":null,"timeoutResponse":null,"timeoutNextStep":{"sessionAttributes":null,"dialogAction":{"type":"EndConversation","slotToElicit":null,"suppressNextMessage":null},"intent":{"name":null,"slots":null}},"timeoutConditional":null,"failureResponse":null,"failureNextStep":{"sessionAttributes":null,"dialogAction":{"type":"EndConversation","slotToElicit":null,"suppressNextMessage":null},"intent":{"name":null,"slots":null}},"failureConditional":null,"successResponse":null,"successNextStep":{"sessionAttributes":null,"dialogAction":{"type":"ElicitSlot","slotToElicit":"key_pagos","suppressNextMessage":null},"intent":{"name":null,"slots":null}}},"enableCodeHookInvocation":true},"initialResponse":null},"inputContexts":null,"outputContexts":null,"kendraConfiguration":null,"dialogCodeHook":{"enabled":true},"fulfillmentCodeHook":null,"slotPriorities":[{"priority":1,"slotName":"key_pagos"}]}