{"name":"Saludo","identifier":"MM0A1QR94R","description":null,"parentIntentSignature":null,"sampleUtterances":[{"utterance":"Hola"},{"utterance":"hola"},{"utterance":"Buenas"},{"utterance":"buenas"}],"intentConfirmationSetting":null,"intentClosingSetting":null,"initialResponseSetting":{"nextStep":{"sessionAttributes":null,"dialogAction":{"type":"InvokeDialogCodeHook","slotToElicit":null,"suppressNextMessage":null},"intent":{"name":null,"slots":null}},"conditional":null,"codeHook":{"isActive":true,"invocationLabel":null,"postCodeHookSpecification":{"successConditional":null,"timeoutResponse":null,"timeoutNextStep":{"sessionAttributes":null,"dialogAction":{"type":"EndConversation","slotToElicit":null,"suppressNextMessage":null},"intent":{"name":null,"slots":null}},"timeoutConditional":null,"failureResponse":null,"failureNextStep":{"sessionAttributes":null,"dialogAction":{"type":"EndConversation","slotToElicit":null,"suppressNextMessage":null},"intent":{"name":null,"slots":null}},"failureConditional":null,"successResponse":null,"successNextStep":{"sessionAttributes":null,"dialogAction":{"type":"EndConversation","slotToElicit":null,"suppressNextMessage":null},"intent":{"name":null,"slots":null}}},"enableCodeHookInvocation":true},"initialResponse":{"messageGroupsList":[{"message":{"ssmlMessage":null,"customPayload":null,"plainTextMessage":{"value":"Hola, soy HackBot soy tu asistente virtual de documentacion, espero te encuentres bien. ¿Cuál es tu pregunta?"},"imageResponseCard":null},"variations":null}],"allowInterrupt":true}},"inputContexts":null,"outputContexts":null,"kendraConfiguration":null,"dialogCodeHook":{"enabled":false},"fulfillmentCodeHook":null,"slotPriorities":[]}