{"name":"Cash_out","identifier":"X93AAFJ92P","description":null,"parentIntentSignature":null,"sampleUtterances":[{"utterance":"{key_cashout}"},{"utterance":"¿Cómo {key_cashout} en {user_country_cashout} ?"},{"utterance":"¿como {key_cashout} en {user_country_cashout} ?"},{"utterance":"¿como {key_cashout} ?"},{"utterance":"como {key_cashout}"},{"utterance":"{user_country_cashout}"}],"intentConfirmationSetting":null,"intentClosingSetting":null,"initialResponseSetting":{"nextStep":{"sessionAttributes":null,"dialogAction":{"type":"InvokeDialogCodeHook","slotToElicit":null,"suppressNextMessage":null},"intent":{"name":null,"slots":null}},"conditional":null,"codeHook":{"isActive":true,"invocationLabel":null,"postCodeHookSpecification":{"successConditional":null,"timeoutResponse":null,"timeoutNextStep":{"sessionAttributes":null,"dialogAction":{"type":"EndConversation","slotToElicit":null,"suppressNextMessage":null},"intent":{"name":null,"slots":null}},"timeoutConditional":null,"failureResponse":null,"failureNextStep":{"sessionAttributes":null,"dialogAction":{"type":"EndConversation","slotToElicit":null,"suppressNextMessage":null},"intent":{"name":null,"slots":null}},"failureConditional":null,"successResponse":null,"successNextStep":{"sessionAttributes":null,"dialogAction":{"type":"ElicitSlot","slotToElicit":"key_cashout","suppressNextMessage":null},"intent":{"name":null,"slots":null}}},"enableCodeHookInvocation":true},"initialResponse":null},"inputContexts":null,"outputContexts":null,"kendraConfiguration":null,"dialogCodeHook":{"enabled":true},"fulfillmentCodeHook":{"isActive":false,"postFulfillmentStatusSpecification":null,"fulfillmentUpdatesSpecification":null,"enabled":true},"slotPriorities":[{"priority":2,"slotName":"user_country_cashout"},{"priority":1,"slotName":"key_cashout"}]}