{"name":"key_country_cashout_2","identifier":"G6Y37SMWCH","description":null,"slotTypeName":"user_country","obfuscationSetting":null,"valueElicitationSetting":{"slotCaptureSetting":{"codeHook":null,"captureResponse":null,"captureNextStep":{"sessionAttributes":null,"dialogAction":{"type":"EndConversation","slotToElicit":null,"suppressNextMessage":null},"intent":{"name":null,"slots":null}},"captureConditional":null,"failureResponse":null,"failureNextStep":{"sessionAttributes":null,"dialogAction":{"type":"StartIntent","slotToElicit":null,"suppressNextMessage":null},"intent":{"name":"FallbackIntent","slots":null}},"failureConditional":null,"elicitationCodeHook":{"invocationLabel":null,"enableCodeHookInvocation":true}},"promptSpecification":{"messageGroupsList":[{"message":{"ssmlMessage":null,"customPayload":null,"plainTextMessage":{"value":"¿De qué país deseas buscar?"},"imageResponseCard":null},"variations":null}],"maxRetries":4,"allowInterrupt":true,"messageSelectionStrategy":"Random","promptAttemptsSpecification":{"Retry4":{"allowedInputTypes":{"allowAudioInput":true,"allowDTMFInput":true},"audioAndDTMFInputSpecification":{"dtmfSpecification":{"maxLength":513,"deletionCharacter":"*","endCharacter":"#","endTimeoutMs":5000},"startTimeoutMs":4000,"audioSpecification":{"maxLengthMs":15000,"endTimeoutMs":640}},"allowInterrupt":true,"textInputSpecification":{"startTimeoutMs":30000}},"Retry1":{"allowedInputTypes":{"allowAudioInput":true,"allowDTMFInput":true},"audioAndDTMFInputSpecification":{"dtmfSpecification":{"maxLength":513,"deletionCharacter":"*","endCharacter":"#","endTimeoutMs":5000},"startTimeoutMs":4000,"audioSpecification":{"maxLengthMs":15000,"endTimeoutMs":640}},"allowInterrupt":true,"textInputSpecification":{"startTimeoutMs":30000}},"Retry2":{"allowedInputTypes":{"allowAudioInput":true,"allowDTMFInput":true},"audioAndDTMFInputSpecification":{"dtmfSpecification":{"maxLength":513,"deletionCharacter":"*","endCharacter":"#","endTimeoutMs":5000},"startTimeoutMs":4000,"audioSpecification":{"maxLengthMs":15000,"endTimeoutMs":640}},"allowInterrupt":true,"textInputSpecification":{"startTimeoutMs":30000}},"Initial":{"allowedInputTypes":{"allowAudioInput":true,"allowDTMFInput":true},"audioAndDTMFInputSpecification":{"dtmfSpecification":{"maxLength":513,"deletionCharacter":"*","endCharacter":"#","endTimeoutMs":5000},"startTimeoutMs":4000,"audioSpecification":{"maxLengthMs":15000,"endTimeoutMs":640}},"allowInterrupt":true,"textInputSpecification":{"startTimeoutMs":30000}},"Retry3":{"allowedInputTypes":{"allowAudioInput":true,"allowDTMFInput":true},"audioAndDTMFInputSpecification":{"dtmfSpecification":{"maxLength":513,"deletionCharacter":"*","endCharacter":"#","endTimeoutMs":5000},"startTimeoutMs":4000,"audioSpecification":{"maxLengthMs":15000,"endTimeoutMs":640}},"allowInterrupt":true,"textInputSpecification":{"startTimeoutMs":30000}}}},"slotConstraint":"Required","defaultValueSpecification":null,"sampleUtterances":null,"waitAndContinueSpecification":null},"multipleValuesSetting":null}