{"name":"transfer_out_documentation","identifier":"2ELLUDZ6EV","description":null,"slotTypeValues":[{"sampleValue":{"value":"Bancos funciona transfer out"},"synonyms":null},{"sampleValue":{"value":"Bancos funciona transferout"},"synonyms":null},{"sampleValue":{"value":"Bancos funciona Transferout"},"synonyms":null},{"sampleValue":{"value":"Bancos funciona Transfer Out"},"synonyms":null},{"sampleValue":{"value":"funciona transfer out"},"synonyms":null},{"sampleValue":{"value":"funciona transferout"},"synonyms":null},{"sampleValue":{"value":"funciona Transferout"},"synonyms":null},{"sampleValue":{"value":"funciona Transfer Out"},"synonyms":null},{"sampleValue":{"value":"transfer out"},"synonyms":null},{"sampleValue":{"value":"transferout"},"synonyms":null},{"sampleValue":{"value":"Transferout"},"synonyms":null},{"sampleValue":{"value":"Transfer Out"},"synonyms":null}],"parentSlotTypeSignature":null,"valueSelectionSetting":{"resolutionStrategy":"ORIGINAL_VALUE","regexFilter":null}}