{"name":"cash_out_documentation","identifier":"QWX9QOASR1","description":null,"slotTypeValues":[{"sampleValue":{"value":"funciona el servicio de Cash Out"},"synonyms":null},{"sampleValue":{"value":"funciona el servicio de Cashout"},"synonyms":null},{"sampleValue":{"value":"funciona el servicio de cashout"},"synonyms":null},{"sampleValue":{"value":"servicio de Cash Out"},"synonyms":null},{"sampleValue":{"value":"servicio de Cashout"},"synonyms":null},{"sampleValue":{"value":"servicio de cash out"},"synonyms":null},{"sampleValue":{"value":"servicio de cashout"},"synonyms":null}],"parentSlotTypeSignature":null,"valueSelectionSetting":{"resolutionStrategy":"ORIGINAL_VALUE","regexFilter":null}}