{"name":"Bancos_transferout","identifier":"YCOVAIMQP2","description":null,"parentIntentSignature":null,"sampleUtterances":[{"utterance":"{key_bancos_transferout}"},{"utterance":"¿Con que {key_bancos_transferout} en {key_country_cashout_1} y {key_country_cashout_2} ?"},{"utterance":"¿con que {key_bancos_transferout} en {key_country_cashout_1} y {key_country_cashout_2} ?"},{"utterance":"Con que {key_bancos_transferout} en {key_country_cashout_1} y {key_country_cashout_2}"},{"utterance":"con que {key_bancos_transferout} en {key_country_cashout_1} y {key_country_cashout_2}"},{"utterance":"{key_country_cashout_1} y {key_country_cashout_2}"},{"utterance":"{key_bancos_transferout} en {key_country_cashout_1} "}],"intentConfirmationSetting":null,"intentClosingSetting":{"isActive":false,"nextStep":{"sessionAttributes":null,"dialogAction":{"type":"EndConversation","slotToElicit":null,"suppressNextMessage":null},"intent":{"name":null,"slots":null}},"closingResponse":null},"initialResponseSetting":{"nextStep":{"sessionAttributes":null,"dialogAction":{"type":"InvokeDialogCodeHook","slotToElicit":null,"suppressNextMessage":null},"intent":{"name":null,"slots":null}},"conditional":null,"codeHook":{"isActive":true,"invocationLabel":null,"postCodeHookSpecification":{"successConditional":null,"timeoutResponse":null,"timeoutNextStep":{"sessionAttributes":null,"dialogAction":{"type":"EndConversation","slotToElicit":null,"suppressNextMessage":null},"intent":{"name":null,"slots":null}},"timeoutConditional":null,"failureResponse":null,"failureNextStep":{"sessionAttributes":null,"dialogAction":{"type":"EndConversation","slotToElicit":null,"suppressNextMessage":null},"intent":{"name":null,"slots":null}},"failureConditional":null,"successResponse":null,"successNextStep":{"sessionAttributes":null,"dialogAction":{"type":"ElicitSlot","slotToElicit":"key_bancos_transferout","suppressNextMessage":null},"intent":{"name":null,"slots":null}}},"enableCodeHookInvocation":true},"initialResponse":null},"inputContexts":null,"outputContexts":null,"kendraConfiguration":null,"dialogCodeHook":{"enabled":true},"fulfillmentCodeHook":{"isActive":false,"postFulfillmentStatusSpecification":null,"fulfillmentUpdatesSpecification":null,"enabled":true},"slotPriorities":[{"priority":2,"slotName":"key_country_cashout_1"},{"priority":3,"slotName":"key_country_cashout_2"},{"priority":1,"slotName":"key_bancos_transferout"}]}