{"name":"Tarjetas_soportadas","identifier":"SIZQON7CJD","description":null,"parentIntentSignature":null,"sampleUtterances":[{"utterance":"¿Qué {key_search} Kushki en {user_country} ?"},{"utterance":"que {key_search} Kushki en {user_country}"},{"utterance":"que {key_search}"},{"utterance":"¿Qué {key_search} ?"},{"utterance":"{user_country}"}],"intentConfirmationSetting":null,"intentClosingSetting":null,"initialResponseSetting":{"nextStep":{"sessionAttributes":null,"dialogAction":{"type":"InvokeDialogCodeHook","slotToElicit":null,"suppressNextMessage":null},"intent":{"name":null,"slots":null}},"conditional":null,"codeHook":{"isActive":true,"invocationLabel":null,"postCodeHookSpecification":{"successConditional":null,"timeoutResponse":null,"timeoutNextStep":{"sessionAttributes":null,"dialogAction":{"type":"EndConversation","slotToElicit":null,"suppressNextMessage":null},"intent":{"name":null,"slots":null}},"timeoutConditional":null,"failureResponse":null,"failureNextStep":{"sessionAttributes":null,"dialogAction":{"type":"EndConversation","slotToElicit":null,"suppressNextMessage":null},"intent":{"name":null,"slots":null}},"failureConditional":null,"successResponse":null,"successNextStep":{"sessionAttributes":null,"dialogAction":{"type":"EndConversation","slotToElicit":null,"suppressNextMessage":null},"intent":{"name":null,"slots":null}}},"enableCodeHookInvocation":true},"initialResponse":null},"inputContexts":null,"outputContexts":null,"kendraConfiguration":null,"dialogCodeHook":{"enabled":true},"fulfillmentCodeHook":{"isActive":true,"postFulfillmentStatusSpecification":{"timeoutResponse":null,"timeoutNextStep":{"sessionAttributes":null,"dialogAction":{"type":"EndConversation","slotToElicit":null,"suppressNextMessage":null},"intent":{"name":null,"slots":null}},"failureResponse":null,"failureNextStep":{"sessionAttributes":null,"dialogAction":{"type":"EndConversation","slotToElicit":null,"suppressNextMessage":null},"intent":{"name":null,"slots":null}},"successResponse":{"messageGroupsList":[{"message":{"ssmlMessage":null,"customPayload":null,"plainTextMessage":{"value":"se completo"},"imageResponseCard":null},"variations":null}],"allowInterrupt":true},"successNextStep":{"sessionAttributes":null,"dialogAction":{"type":"EndConversation","slotToElicit":null,"suppressNextMessage":null},"intent":{"name":null,"slots":null}}},"fulfillmentUpdatesSpecification":null,"enabled":false},"slotPriorities":[{"priority":1,"slotName":"key_search"},{"priority":2,"slotName":"user_country"}]}