{"name":"Pagos_qr","identifier":"ZYTT8OWRWU","description":null,"parentIntentSignature":null,"sampleUtterances":[{"utterance":"{key_pagosqr}"},{"utterance":"¿Cómo {key_pagosqr} en Kushki?"},{"utterance":"¿como {key_pagosqr} en Kushki?"},{"utterance":"¿como {key_pagosqr} ?"},{"utterance":"como {key_pagosqr} en Kushki"}],"intentConfirmationSetting":null,"intentClosingSetting":null,"initialResponseSetting":{"nextStep":{"sessionAttributes":null,"dialogAction":{"type":"InvokeDialogCodeHook","slotToElicit":null,"suppressNextMessage":null},"intent":{"name":null,"slots":null}},"conditional":null,"codeHook":{"isActive":true,"invocationLabel":null,"postCodeHookSpecification":{"successConditional":null,"timeoutResponse":null,"timeoutNextStep":{"sessionAttributes":null,"dialogAction":{"type":"EndConversation","slotToElicit":null,"suppressNextMessage":null},"intent":{"name":null,"slots":null}},"timeoutConditional":null,"failureResponse":null,"failureNextStep":{"sessionAttributes":null,"dialogAction":{"type":"EndConversation","slotToElicit":null,"suppressNextMessage":null},"intent":{"name":null,"slots":null}},"failureConditional":null,"successResponse":null,"successNextStep":{"sessionAttributes":null,"dialogAction":{"type":"ElicitSlot","slotToElicit":"key_pagosqr","suppressNextMessage":null},"intent":{"name":null,"slots":null}}},"enableCodeHookInvocation":true},"initialResponse":null},"inputContexts":null,"outputContexts":null,"kendraConfiguration":null,"dialogCodeHook":{"enabled":true},"fulfillmentCodeHook":null,"slotPriorities":[{"priority":1,"slotName":"key_pagosqr"}]}