{"name":"user_country","identifier":"CYUOAJ71F5","description":null,"slotTypeValues":[{"sampleValue":{"value":"Ecuador"},"synonyms":null},{"sampleValue":{"value":"ecuador"},"synonyms":null},{"sampleValue":{"value":"Colombia"},"synonyms":null},{"sampleValue":{"value":"colombia"},"synonyms":null},{"sampleValue":{"value":"Perú"},"synonyms":null},{"sampleValue":{"value":"perú"},"synonyms":null},{"sampleValue":{"value":"Peru"},"synonyms":null},{"sampleValue":{"value":"peru"},"synonyms":null},{"sampleValue":{"value":"México"},"synonyms":null},{"sampleValue":{"value":"méxico"},"synonyms":null},{"sampleValue":{"value":"Mexico"},"synonyms":null},{"sampleValue":{"value":"mexico"},"synonyms":null},{"sampleValue":{"value":"Chile"},"synonyms":null},{"sampleValue":{"value":"chile"},"synonyms":null},{"sampleValue":{"value":"CO"},"synonyms":null},{"sampleValue":{"value":"MX"},"synonyms":null},{"sampleValue":{"value":"PE"},"synonyms":null},{"sampleValue":{"value":"EC"},"synonyms":null},{"sampleValue":{"value":"CH"},"synonyms":null},{"sampleValue":{"value":"co"},"synonyms":null},{"sampleValue":{"value":"mx"},"synonyms":null},{"sampleValue":{"value":"pe"},"synonyms":null},{"sampleValue":{"value":"ec"},"synonyms":null},{"sampleValue":{"value":"ch"},"synonyms":null}],"parentSlotTypeSignature":null,"valueSelectionSetting":{"resolutionStrategy":"ORIGINAL_VALUE","regexFilter":null}}